x,y,node_type,predicted_von_mises_psi
1.318680,3.857140,hole,6775.6099
0.978020,3.516480,hole,5858.4155
1.835170,4.000000,hole,7096.3936
2.362640,3.846150,hole,6936.3770
2.725270,3.472530,hole,6873.4858
2.818130,3.087050,hole,6093.8784
2.846150,2.549450,hole,6238.8633
2.846150,0.796705,hole,5077.7979
2.846150,-0.956040,hole,5772.1958
2.655850,-2.504440,hole,8562.2188
2.338744,-3.128161,hole,11811.7051
1.848820,-3.629730,hole,15149.6992
0.968976,-4.033117,hole,20453.9805
0.000000,-4.131870,hole,17824.6016
-1.296700,-3.934070,hole,15824.1152
-2.145860,-3.376530,hole,10997.3311
-2.703300,-2.395600,hole,6443.9937
-2.846150,-1.417580,hole,6119.7900
-2.792731,-1.047045,hole,6019.1152
-2.604400,-0.725270,hole,5883.9839
-2.287247,-0.519963,hole,5867.9458
-1.912090,-0.461540,hole,5657.8770
-1.642799,-0.494008,hole,5641.1704
-1.395600,-0.604400,hole,5546.5659
-1.125510,-0.969080,hole,5853.3037
-0.959100,-1.517230,hole,6036.8174
-0.663150,-2.288280,hole,7044.5654
-0.387746,-2.490873,hole,7096.3999
-0.043960,-2.538460,hole,7211.9331
0.354709,-2.468363,hole,7215.6577
0.648350,-2.197800,hole,7231.0332
0.835160,-1.230770,hole,5930.0552
0.835160,0.659340,hole,5806.0757
0.835160,2.549450,hole,6003.8398
0.851720,3.110570,hole,5615.5620
28.032787,-5.000000,free,5074.7983
26.065575,-5.000000,free,5059.4746
25.081966,-5.000000,free,5144.9941
23.114754,-5.000000,free,5088.0981
21.147541,-5.000000,free,5073.1221
19.180328,-5.000000,free,5108.1084
17.213116,-5.000000,free,5021.9253
16.229507,-5.000000,free,5102.7114
14.262295,-5.000000,free,5066.8784
12.295082,-5.000000,free,5097.9873
10.327868,-5.000000,free,5183.4331
8.360656,-5.000000,free,5259.0337
7.377049,-5.000000,free,5671.9619
5.409836,-5.000000,free,8228.1553
3.442623,-5.000000,free,14271.2539
1.475410,-5.000000,free,17640.6113
-0.491803,-5.000000,free,18158.5078
-1.475410,-5.000000,free,20168.1855
-3.442623,-5.000000,free,14572.2930
-5.409836,-5.000000,free,8065.2295
-7.377049,-5.000000,free,5320.0610
-8.360656,-5.000000,free,5041.3345
-10.327868,-5.000000,free,5119.1860
-12.295082,-5.000000,free,5071.8120
-14.262295,-5.000000,free,5066.7524
-16.229507,-5.000000,free,5117.1680
-17.213116,-5.000000,free,5024.4863
-19.180328,-5.000000,free,5123.1660
-21.147541,-5.000000,free,5070.2109
-23.114754,-5.000000,free,5047.7085
-25.081966,-5.000000,free,5019.3008
-26.065575,-5.000000,free,4872.8291
-28.032787,-5.000000,free,4992.9814
30.000000,-5.000000,applied_load,5148.0322
-30.000000,-5.000000,fixed,6070.7031
30.000000,3.181818,applied_load,5047.5049
30.000000,1.363636,applied_load,5027.1943
30.000000,0.454545,applied_load,5030.3779
30.000000,-1.363636,applied_load,5031.0566
30.000000,-3.181818,applied_load,5045.4541
30.000000,5.000000,applied_load,5135.4453
-28.032787,5.000000,free,4995.5474
-26.065575,5.000000,free,4888.2031
-25.081966,5.000000,free,5023.1060
-23.114754,5.000000,free,5084.7349
-21.147541,5.000000,free,5065.6108
-19.180328,5.000000,free,5055.9116
-17.213116,5.000000,free,5035.8330
-16.229507,5.000000,free,5105.2930
-14.262295,5.000000,free,5040.0493
-12.295082,5.000000,free,5068.5625
-10.327868,5.000000,free,5082.0801
-8.360656,5.000000,free,5029.1899
-7.377049,5.000000,free,5132.0771
-5.409836,5.000000,free,5084.2041
-3.442623,5.000000,free,5228.1533
-1.475410,5.000000,free,5649.5171
0.491803,5.000000,free,5422.5908
1.475410,5.000000,free,5361.5322
3.442623,5.000000,free,5245.5547
5.409836,5.000000,free,6136.5957
7.377049,5.000000,free,5269.4121
8.360656,5.000000,free,5139.4165
10.327868,5.000000,free,5118.3262
12.295082,5.000000,free,5062.1016
14.262295,5.000000,free,5042.2842
16.229507,5.000000,free,5118.1616
17.213116,5.000000,free,5035.9561
19.180328,5.000000,free,5107.1133
21.147541,5.000000,free,5036.8818
23.114754,5.000000,free,5032.1089
25.081966,5.000000,free,5116.9443
26.065575,5.000000,free,5033.6494
28.032787,5.000000,free,5082.5229
-30.000000,5.000000,fixed,6109.0977
-30.000000,-3.181818,fixed,4622.1802
-30.000000,-1.363636,fixed,4335.1011
-30.000000,-0.454545,fixed,4327.2812
-30.000000,1.363636,fixed,4339.3091
-30.000000,3.181818,fixed,4667.3052
-28.316633,3.400101,interior,4916.6582
-26.493801,3.528291,interior,4999.3984
-24.944477,3.421415,interior,4998.8936
-23.005112,3.489536,interior,5025.9326
-21.196560,3.334445,interior,5023.9419
-19.330585,3.199763,interior,4998.4253
-17.614758,3.469356,interior,5006.6855
-16.124657,3.360690,interior,5011.0703
-14.153663,3.268243,interior,4985.2305
-12.320401,3.333232,interior,5054.6128
-10.482741,3.225550,interior,4984.6191
-8.775065,3.494550,interior,5011.7178
-7.187765,3.286496,interior,5000.7769
-5.254640,3.263488,interior,4996.1289
-3.589084,3.286649,interior,5079.9897
-1.669666,3.180025,interior,5318.1489
0.057964,3.257739,interior,4184.3320
3.557769,3.373118,interior,4573.1538
5.349319,3.325995,interior,5952.5566
7.038533,3.285282,interior,5546.9648
8.762536,3.470883,interior,5109.5288
10.480316,3.210273,interior,5013.5957
12.313611,3.326720,interior,5042.9893
14.145657,3.265439,interior,4998.0195
16.124353,3.357085,interior,5015.7778
17.615599,3.466454,interior,5007.2500
19.325937,3.198974,interior,4988.4980
21.153717,3.323344,interior,5017.3701
22.983122,3.267923,interior,5004.6826
24.975164,3.375767,interior,5017.3438
26.501825,3.525753,interior,5000.3887
28.315136,3.400220,interior,5014.5771
3.534672,1.658817,interior,5724.1328
5.257743,1.540117,interior,5034.8442
6.919580,1.613982,interior,5636.9883
8.738765,1.497053,interior,5150.7832
10.583053,1.685285,interior,4937.7651
12.333558,1.665790,interior,4853.5347
14.093460,1.685769,interior,4942.6738
15.971955,1.465750,interior,5018.0347
17.595009,1.453754,interior,5015.4858
19.435354,1.663903,interior,4981.9878
21.168144,1.660027,interior,4972.1963
22.939577,1.696935,interior,5005.7812
24.878765,1.518446,interior,5035.7891
26.642529,1.662575,interior,5032.6426
28.220867,1.560180,interior,4994.6235
3.403405,-0.099453,interior,5012.9946
5.371760,-0.091660,interior,2617.8613
6.915521,-0.014855,interior,5053.0220
8.793687,0.003894,interior,5090.9912
10.579846,-0.005415,interior,4859.3340
12.347469,-0.009082,interior,4744.4502
14.104715,-0.009401,interior,4887.7935
15.891861,-0.010921,interior,5009.9771
17.662344,-0.003534,interior,5017.0039
19.436449,0.001404,interior,4976.0112
21.203300,-0.001860,interior,4977.8237
23.069422,0.022373,interior,4997.4956
24.852051,-0.079152,interior,5013.9868
26.601742,-0.057569,interior,5047.8022
28.339621,0.008296,interior,5018.7905
3.502239,-1.594237,interior,3925.1143
5.137244,-1.808939,interior,4277.2510
7.134661,-1.545369,interior,5278.4663
8.745515,-1.492626,interior,5166.2334
10.593320,-1.695088,interior,4957.2490
12.349520,-1.677593,interior,4865.5669
14.104509,-1.695087,interior,4945.2837
15.974459,-1.478117,interior,5015.4849
17.595181,-1.459054,interior,5020.9585
19.439703,-1.661853,interior,4993.9033
21.233356,-1.664166,interior,5002.2407
23.073467,-1.604042,interior,5016.4014
24.638887,-1.611054,interior,5015.6274
26.541817,-1.444970,interior,5016.8672
28.225687,-1.532271,interior,5002.5547
3.463840,-3.293929,interior,8990.7158
5.347833,-3.323735,interior,7016.3066
7.289915,-3.383948,interior,5764.1792
8.775203,-3.487823,interior,5249.7412
10.487369,-3.219769,interior,5076.8442
12.322101,-3.329973,interior,5051.6890
14.154307,-3.266308,interior,4994.1304
16.125675,-3.356840,interior,5015.8496
17.616272,-3.465429,interior,5011.7520
19.331024,-3.198318,interior,5000.9922
21.196650,-3.334256,interior,5029.8843
23.005123,-3.489389,interior,5039.6206
24.944378,-3.421145,interior,5021.0615
26.493738,-3.528016,interior,5010.1602
28.316629,-3.399947,interior,5008.0947
-3.471571,-3.384241,interior,7206.5845
-5.474491,-3.290184,interior,6032.5439
-7.168655,-3.251960,interior,5113.2139
-8.772007,-3.459549,interior,4997.6357
-10.481477,-3.209187,interior,4993.3535
-12.313504,-3.326849,interior,5041.2900
-14.145568,-3.265236,interior,4991.8394
-16.124332,-3.356719,interior,5010.6626
-17.615580,-3.466033,interior,4995.4082
-19.325937,-3.198477,interior,5001.1865
-21.153776,-3.322812,interior,5030.9688
-22.983664,-3.267146,interior,5003.8374
-24.976454,-3.376181,interior,5004.2007
-26.502695,-3.526208,interior,4978.3940
-28.316772,-3.400678,interior,4874.9248
-3.465728,-1.648862,interior,5373.3833
-5.369565,-1.722585,interior,5296.6387
-6.937442,-1.713265,interior,5022.6621
-8.752859,-1.460137,interior,4960.6436
-10.581944,-1.681949,interior,4915.4023
-12.333817,-1.665246,interior,4875.9302
-14.093123,-1.685980,interior,4939.4277
-15.971839,-1.466673,interior,5007.7842
-17.595057,-1.453483,interior,5019.8247
-19.435322,-1.663294,interior,4999.1875
-21.168188,-1.659249,interior,4992.7866
-22.939886,-1.696077,interior,5003.8569
-24.879387,-1.517831,interior,5011.3359
-26.643646,-1.662897,interior,4886.9199
-28.222103,-1.562212,interior,4610.4102
0.107608,0.329086,interior,5136.0840
-1.841210,-0.058912,interior,4608.3789
-3.487682,0.069757,interior,5227.2690
-5.209143,0.128398,interior,5162.2686
-6.956929,0.062162,interior,5029.1685
-8.625159,-0.011357,interior,4957.7720
-10.560302,0.007990,interior,4855.1777
-12.345057,0.010771,interior,4776.7212
-14.103958,0.008944,interior,4880.9580
-15.891529,0.008812,interior,5002.7231
-17.662352,0.003256,interior,5021.2583
-19.436386,-0.001194,interior,4991.1592
-21.203300,0.002265,interior,4995.2432
-23.069588,-0.021843,interior,4985.6387
-24.852291,0.079510,interior,5013.6738
-26.601952,0.057441,interior,4872.0820
-28.338875,-0.009839,interior,4545.8584
-0.108320,-1.685303,interior,5048.0371
0.012278,1.664118,interior,5532.8594
-1.740993,1.476799,interior,5146.4023
-3.434297,1.699965,interior,5233.5894
-5.113587,1.712087,interior,5004.5713
-6.985183,1.740727,interior,5020.6777
-8.699817,1.548302,interior,4981.1484
-10.578029,1.701469,interior,4930.1650
-12.345738,1.681484,interior,4874.0518
-14.103406,1.696152,interior,4932.0513
-15.973926,1.477456,interior,5000.4141
-17.594910,1.459813,interior,5023.4189
-19.439516,1.662181,interior,5003.1445
-21.233295,1.664278,interior,5004.5952
-23.073544,1.604280,interior,5004.9341
-24.639086,1.611373,interior,5007.8730
-26.541960,1.445213,interior,4907.3623
-28.225708,1.532242,interior,4648.7446
1.125708,3.709500,hole,6463.2134
1.567366,3.963455,hole,6960.5781
2.109373,3.959424,hole,7041.0669
2.571293,3.685556,hole,6964.7305
2.782649,3.282422,hole,6375.7764
2.840003,2.818675,hole,5950.5269
2.846150,-0.079668,hole,8333.9297
2.846150,1.673077,hole,5913.7910
2.806489,-1.737436,hole,6165.9985
-0.657995,-4.092237,hole,15621.4805
-1.750591,-3.699762,hole,15303.4453
-2.489036,-2.922693,hole,7226.1113
-2.805662,-1.910986,hole,6215.4297
-1.237903,-0.769921,hole,5585.7354
-1.031546,-1.239829,hole,5982.3892
-0.842977,-1.915347,hole,6595.7422
0.797744,-1.725855,hole,6847.1758
0.835160,1.604395,hole,6004.0830
0.835160,-0.285715,hole,5627.1514
0.836754,2.830249,hole,5662.8081
0.894495,3.319875,hole,5627.0156
29.016394,-5.000000,free,4958.1226
27.049181,-5.000000,free,5009.0791
24.098360,-5.000000,free,5082.0371
22.131147,-5.000000,free,5106.5044
20.163935,-5.000000,free,5042.5884
18.196722,-5.000000,free,5023.7827
15.245902,-5.000000,free,5074.5137
13.278688,-5.000000,free,5072.9067
11.311476,-5.000000,free,5082.4951
9.344262,-5.000000,free,5146.4409
6.393443,-5.000000,free,6512.4497
4.426229,-5.000000,free,10993.2178
2.459016,-5.000000,free,17334.2051
0.491803,-5.000000,free,18136.8730
-2.459016,-5.000000,free,16293.4863
-4.426229,-5.000000,free,11299.7295
-6.393443,-5.000000,free,6062.5117
-9.344262,-5.000000,free,5058.7788
-11.311476,-5.000000,free,5046.9902
-13.278688,-5.000000,free,5064.5957
-15.245902,-5.000000,free,5092.2412
-18.196722,-5.000000,free,5060.7212
-20.163935,-5.000000,free,5048.6675
-22.131147,-5.000000,free,5062.0967
-24.098360,-5.000000,free,5050.7637
-27.049181,-5.000000,free,4877.7090
-29.016394,-5.000000,free,5275.0225
30.000000,4.090909,applied_load,5057.6567
30.000000,2.272727,applied_load,5034.3970
30.000000,-0.454545,applied_load,5024.0190
30.000000,-2.272727,applied_load,5034.1968
30.000000,-4.090909,applied_load,5049.9961
-29.016394,5.000000,free,5303.3423
-27.049181,5.000000,free,4881.6362
-24.098360,5.000000,free,5067.1411
-22.131147,5.000000,free,5106.8003
-20.163935,5.000000,free,5021.3740
-18.196722,5.000000,free,5063.8164
-15.245902,5.000000,free,5051.7515
-13.278688,5.000000,free,5050.5566
-11.311476,5.000000,free,5034.5908
-9.344262,5.000000,free,5046.2920
-6.393443,5.000000,free,5106.5786
-4.426229,5.000000,free,5113.9141
-2.459016,5.000000,free,5460.1802
-0.491803,5.000000,free,5637.8765
2.459016,5.000000,free,5376.1719
4.426229,5.000000,free,5287.7168
6.393443,5.000000,free,5675.6255
9.344262,5.000000,free,5071.1421
11.311476,5.000000,free,5037.8892
13.278688,5.000000,free,5042.4507
15.245902,5.000000,free,5061.9658
18.196722,5.000000,free,5023.1211
20.163935,5.000000,free,5023.1592
22.131147,5.000000,free,5026.0830
24.098360,5.000000,free,5064.2310
27.049181,5.000000,free,5014.9482
29.016394,5.000000,free,4935.2910
-30.000000,-4.090909,fixed,5159.8486
-30.000000,-2.272727,fixed,4460.5713
-30.000000,0.454545,fixed,4333.5493
-30.000000,2.272727,fixed,4449.9648
-30.000000,4.090909,fixed,5258.0073
2.944084,3.435442,interior,6101.8818
0.719570,3.514796,interior,4758.6748
0.631769,3.251883,interior,4540.5435
-1.177561,-0.518737,interior,4056.5181
-0.991692,-0.740808,interior,4228.8286
1.069642,4.055424,interior,5927.8872
0.858111,3.797002,interior,5390.7373
2.861120,3.731181,interior,6113.8237
2.680117,4.025451,interior,6206.2891
3.147208,2.659515,interior,5790.6675
1.704651,4.382912,interior,6383.5962
1.360100,4.293566,interior,6130.9395
-1.415529,-0.351738,interior,4205.4512
2.072705,4.382894,interior,6373.9604
2.413813,4.282810,interior,6199.8779
0.554596,2.972753,interior,4752.7471
0.475012,2.623682,interior,5133.9619
-0.842070,-0.993470,interior,4572.5444
-0.687447,-1.269584,interior,4455.6045
-0.332385,-2.079364,interior,6432.3486
-2.956256,-0.753954,interior,5456.2900
-3.161605,-1.223225,interior,5211.2144
-2.651444,-0.352434,interior,4937.7524
-2.213690,-0.185929,interior,5134.1851
0.230811,-2.022762,interior,6532.5049
-0.526822,-1.618696,interior,4779.7451
-3.215171,-2.166298,interior,5775.9810
0.293068,-1.467369,interior,5083.6133
-2.346598,-3.997002,interior,10886.1094
-1.865663,-4.326167,interior,15604.6816
-3.049855,-2.825320,interior,6549.1587
-2.765701,-3.442350,interior,7425.7993
3.056771,2.999757,interior,5781.3608
3.183476,3.269448,interior,5059.8013
0.407450,3.446212,interior,4064.1558
0.531962,3.807343,interior,4450.7983
-0.881712,-0.442847,interior,3390.5986
0.365480,3.158660,interior,4486.8428
3.204924,3.654052,interior,4940.4180
0.720097,4.221694,interior,5114.7373
-0.678430,-0.726882,interior,3557.1033
-0.547387,-1.002268,interior,4061.6133
1.023410,4.514137,interior,5508.9424
3.183868,2.196563,interior,5986.7212
2.815765,4.488725,interior,5437.3398
3.100731,4.146528,interior,5207.2939
-1.144948,-0.187529,interior,3419.9043
0.435527,2.161754,interior,5707.7983
1.927945,4.691452,interior,5703.1172
-0.234497,-1.244778,interior,3430.4087
-2.134235,0.230433,interior,4795.9014
-1.657921,-0.280069,interior,5086.3608
-3.389871,-0.810934,interior,5188.2686
-2.483787,0.034085,interior,5450.4473
-3.157920,-0.374341,interior,5299.8828
0.237263,-0.892279,interior,4587.4180
-3.658819,-2.648834,interior,6098.7451
3.395361,2.941220,interior,5091.5254
-0.290725,-0.769659,interior,3552.5264
-0.498899,-0.399486,interior,3604.1184
0.347842,4.195680,interior,5203.5381
-0.763671,-0.068320,interior,3619.1941
-1.683876,0.346183,interior,4300.2344
0.031885,2.377539,interior,5060.7920
3.609370,3.982139,interior,4913.6445
3.539715,2.436764,interior,5604.9482
0.185580,2.870510,interior,4410.0015
-2.552932,0.432577,interior,4989.5850
-2.900539,0.056122,interior,5189.4126
-3.586694,-1.215795,interior,5479.5718
-1.480398,-0.039351,interior,3793.5105
0.138957,3.747705,interior,4444.3623
-3.727197,-2.061264,interior,5756.4614
-4.210164,-3.156099,interior,6712.0957
0.005486,-0.342154,interior,4304.6748
-0.147621,4.256336,interior,5361.9766
3.879747,2.896497,interior,5192.5181
-4.008802,-1.549913,interior,5107.4541
-3.920056,-0.859351,interior,4969.6919
-0.366071,2.853255,interior,4871.7261
-3.098863,-1.673390,interior,5869.9160
-3.591321,-0.446401,interior,5177.8350
-1.136510,0.298199,interior,3672.4072
-3.085649,0.544408,interior,5312.3403
-2.079752,0.801685,interior,5198.6655
-4.306055,-2.302562,interior,5758.2646
-4.060176,-4.101701,interior,8815.9971
2.595240,-3.585292,interior,11843.6094
-0.341909,-0.024404,interior,4553.0918
-4.019981,-0.256003,interior,5301.4004
-2.687667,0.956720,interior,5243.4170
-1.448686,0.841333,interior,4766.1172
4.103075,2.252421,interior,5689.9678
-0.530421,2.130973,interior,5468.1592
-0.550452,0.383318,interior,4489.3130
-3.649360,0.679422,interior,5292.2471
-4.913849,-2.855209,interior,6029.3213
4.097971,3.496688,interior,5363.7861
-2.331759,1.337003,interior,5201.6211
-0.877296,0.863742,interior,4857.4697
-4.096675,0.335217,interior,5288.5684
-3.254473,1.104490,interior,5356.1592
-4.480993,-0.612976,interior,5235.5938
4.595732,2.884694,interior,5655.2749
-1.051754,2.589756,interior,5328.5210
-5.666770,-2.528054,interior,5510.6777
-4.985336,-2.210544,interior,5485.4395
-2.827209,1.530131,interior,5306.8975
-4.579329,-0.016052,interior,5278.6240
-4.138937,0.838673,interior,5256.8716
-0.280192,0.952449,interior,5544.9380
-2.321312,1.902509,interior,5228.1592
-4.682642,-1.654337,interior,5374.7622
4.705644,3.642369,interior,5784.7822
-1.175842,1.298709,interior,5331.0356
-1.147088,1.871259,interior,5414.1094
-0.892003,3.243534,interior,5308.5073
-0.666427,1.463542,interior,5565.6387
-4.421714,-1.137891,interior,5247.4019
-1.718368,2.273848,interior,5234.2451
5.242469,4.288536,interior,5600.6860
4.254051,4.234955,interior,5331.3716
-0.369007,3.567917,interior,5218.8398
-5.033667,-1.022572,interior,5219.5337
-5.799559,-1.142254,interior,5100.1611
-6.134627,-1.806541,interior,5124.3525
-5.544343,-0.480488,interior,5145.1240
-4.880693,-3.647280,interior,7084.2163
-2.931193,2.151666,interior,5184.7358
2.057455,-4.244774,interior,16007.4629
-1.011635,4.054931,interior,5515.0137
5.342841,2.467160,interior,5785.6548
3.239218,-2.409944,interior,5668.4917
6.179368,3.837095,interior,5898.7671
-6.237286,-3.301665,interior,5504.1719
-3.090948,-4.154216,interior,9704.4160
4.375291,1.502531,interior,4665.1187
-3.836316,1.230094,interior,5122.6455
0.302003,1.041878,interior,5778.8643
-4.720879,0.725116,interior,5075.7969
29.152748,-3.793011,interior,5024.8213
-29.152748,3.793063,interior,4920.5981
-29.151878,-3.793112,interior,4843.8315
-29.119352,-1.895345,interior,4507.8218
-29.013618,0.862098,interior,4439.4546
-29.149294,2.833413,interior,4659.8149
29.149294,-2.833341,interior,5020.3931
29.013855,-0.862581,interior,4987.1016
29.013760,0.872000,interior,4987.1030
29.151094,3.792894,interior,5020.3906
-29.010292,-0.873098,interior,4432.0732
29.115427,1.894429,interior,4998.4736
29.145285,2.833986,interior,5014.7666
29.273447,0.003543,interior,4997.0508
29.113029,-1.886659,interior,5000.7119
-29.146822,-2.834433,interior,4639.9136
-29.272556,-0.004168,interior,4417.7822
-29.112993,1.886622,interior,4518.7905
7.923767,-4.067912,interior,5542.3716
8.831362,-4.314767,interior,5386.0215
10.852776,-4.120163,interior,5168.8188
5.875956,-4.117572,interior,7195.1216
3.947105,-4.165400,interior,11112.2852
-12.781181,4.161528,interior,5115.6714
-10.850968,4.122808,interior,5097.7759
-3.965378,4.188903,interior,5137.4414
-5.835807,4.151532,interior,5084.3682
-2.041565,4.127560,interior,5481.6167
-26.537504,4.336400,interior,4918.9082
-23.544201,4.165399,interior,5099.0122
-19.701376,4.112957,interior,5060.5117
12.781744,-4.160148,interior,5120.8701
19.701691,-4.111884,interior,5096.2192
23.544191,-4.165297,interior,5068.9424
26.537483,-4.336269,interior,5025.7383
-7.907142,4.060370,interior,5069.9985
-8.827503,4.315354,interior,5043.0591
27.460501,-4.073680,interior,4991.1255
22.595718,-4.199522,interior,5082.0645
18.590969,-3.995769,interior,5025.7622
15.707288,-4.098707,interior,5107.8115
11.828585,-4.154676,interior,5137.1157
9.744679,-4.008144,interior,5203.4141
6.868233,-4.114215,interior,6248.2554
4.909630,-4.155055,interior,8976.0859
-27.460518,4.073819,interior,4932.7744
-22.595694,4.199617,interior,5074.1274
-18.590067,3.997849,interior,5014.3008
-15.706655,4.100626,interior,5057.3179
-11.827406,4.156639,interior,5101.1436
-9.742648,4.012055,interior,5054.3022
-6.824843,4.136711,interior,5125.2231
-4.887516,4.184417,interior,5087.6582
-3.019204,4.161134,interior,5307.3467
-14.713258,4.098767,interior,5082.3086
14.713592,-4.097494,interior,5089.8838
13.737470,-4.140872,interior,5081.8398
-13.737070,4.142010,interior,5082.0068
11.825822,4.154556,interior,5106.3755
9.739352,4.002547,interior,5104.7554
-15.706438,-4.098470,interior,5087.0234
-13.731243,-4.141386,interior,5087.6709
-28.395815,4.253397,interior,5023.3848
-27.462463,-4.072888,interior,4902.9971
-25.624823,-4.073938,interior,4934.1304
-25.615616,4.088664,interior,4948.2837
-24.556913,-4.105211,interior,5052.4312
-22.576706,-4.141559,interior,5091.4844
-21.649210,4.177339,interior,5096.8936
-20.672533,-4.152034,interior,5092.7520
-18.589643,-3.997399,interior,5010.7256
-17.674925,4.305943,interior,5045.9375
-16.768167,-4.053391,interior,5001.0098
-16.767679,4.054869,interior,5039.2441
-11.825813,-4.154667,interior,5096.8779
-9.741898,-3.999567,interior,5015.6221
-7.897017,-4.037265,interior,5093.5420
-6.799732,-4.116587,interior,5600.3823
13.731297,4.141468,interior,5071.5864
15.706453,4.098662,interior,5099.6802
16.768175,4.053631,interior,5016.8008
16.768730,-4.053213,interior,5023.7656
17.677162,-4.302882,interior,5044.1445
18.589653,3.997671,interior,5020.5815
20.672499,4.152283,interior,5078.2368
21.649254,-4.177229,interior,5113.1416
22.576458,4.141927,interior,5058.9595
24.554146,4.104236,interior,5087.5117
25.626593,4.073685,interior,5015.4785
25.615564,-4.088488,interior,5044.7437
27.461662,4.072606,interior,5001.0166
28.395811,-4.253328,interior,4998.5771
7.896004,4.060498,interior,5338.3926
6.976879,4.236575,interior,5598.5771
24.537918,-4.142812,interior,5111.6162
20.685856,-4.154501,interior,5096.8628
-5.728002,-4.103939,interior,6746.8340
-8.823168,-4.299276,interior,5058.5840
-10.848556,-4.112620,interior,5095.3784
-12.777712,-4.157073,interior,5110.0347
-14.711458,-4.096690,interior,5099.4897
-17.676645,-4.303365,interior,5033.7988
-19.696213,-4.108760,interior,5086.9375
-21.623596,-4.155832,interior,5107.0737
-23.557440,-4.099123,interior,5089.6802
-26.540947,-4.334607,interior,4923.8145
-28.396059,-4.253335,interior,5029.3994
-24.537958,4.142941,interior,5064.3018
-20.685760,4.154785,interior,5080.0547
8.820562,4.306786,interior,5223.1758
10.847964,4.113211,interior,5107.7910
12.777760,4.157064,interior,5107.6738
14.711488,4.096837,interior,5080.7480
17.676653,4.303551,interior,5034.2437
19.696196,4.109009,interior,5072.5571
21.623524,4.156136,interior,5085.8306
23.556602,4.099294,interior,5075.5176
26.540968,4.334409,interior,5031.6685
28.395414,4.253144,interior,5005.8286
-2.380232,2.606080,interior,5157.7256
3.877964,0.718915,interior,3755.7329
3.677373,-0.836191,interior,3398.4941
-5.982531,0.155362,interior,5070.9888
-4.141981,1.819973,interior,5115.2256
-4.390340,1.265189,interior,5188.6841
-3.598876,2.393196,interior,5106.4487
4.145800,-2.340096,interior,5391.9619
-6.297008,-0.586367,interior,5046.9033
-4.969495,-0.400738,interior,5232.3062
4.734936,2.129385,interior,5381.2578
-6.445117,-1.227239,interior,5050.2183
-2.620508,3.354364,interior,5138.9521
-5.528746,0.838647,interior,5055.5977
-6.246584,3.315479,interior,5012.8545
4.295527,-1.285910,interior,3176.9487
-11.396891,-3.297075,interior,5001.4346
11.396628,3.297123,interior,5012.0347
-11.400654,3.306801,interior,5020.9668
11.403871,-3.302702,interior,5043.2754
-6.611715,-2.501153,interior,5129.6465
4.788202,0.694723,interior,3347.3535
-20.239698,-3.289160,interior,5003.3198
20.239668,3.289670,interior,4983.5083
-20.257175,3.291807,interior,5009.8242
20.257378,-3.291235,interior,5017.9980
6.111741,2.898209,interior,5937.1104
-22.066265,-3.311513,interior,5032.6973
22.066072,3.312131,interior,5013.6191
4.340981,-0.255125,interior,2927.0637
13.238625,-3.314833,interior,5029.4932
-13.237575,3.317261,interior,5035.2485
-13.227771,-3.312287,interior,5036.5288
13.227873,3.312335,interior,5021.4463
4.457374,-3.324448,interior,7911.8721
-4.434003,3.511928,interior,5065.7935
-3.023979,2.758391,interior,5111.4458
22.164192,-3.377471,interior,5028.4014
-22.164148,3.377601,interior,5036.0181
-4.900987,-4.370584,interior,8760.4600
28.261745,2.461521,interior,4988.0923
-28.263735,-2.462357,interior,4718.5645
28.259567,-2.444622,interior,4984.1479
-28.259583,2.444748,interior,4743.1265
-15.197856,-3.072389,interior,5014.7715
15.197942,3.072464,interior,5020.1489
-24.046402,-3.085586,interior,5011.2598
24.045292,3.085923,interior,5020.2163
27.365095,-2.989110,interior,4992.0752
-27.365149,2.989334,interior,4936.6357
18.421015,-2.871546,interior,4998.6973
-18.420326,2.873543,interior,5016.9263
9.577701,-2.901123,interior,5132.0127
-9.571212,2.912270,interior,5019.7241
-7.991615,-3.105983,interior,5023.8555
7.959064,3.130005,interior,5300.3467
2.994213,-4.214899,interior,13805.5098
-16.821157,-3.133727,interior,5026.9453
16.821186,3.134177,interior,5031.9111
-25.697674,-3.185700,interior,5017.3804
25.697060,3.185689,interior,5037.2568
-25.666948,3.204592,interior,5009.7422
25.666834,-3.204298,interior,5038.3638
-16.821218,3.136871,interior,5028.1382
16.822191,-3.133926,interior,5034.7251
-28.061565,-0.820718,interior,4575.8955
28.061850,0.819416,interior,4999.4673
7.985031,-3.164564,interior,5427.7910
-7.997817,3.156168,interior,5019.8691
9.571249,2.891156,interior,5091.9673
-9.575973,-2.879058,interior,5004.3794
-18.419279,-2.871531,interior,5007.1338
18.419302,2.872087,interior,5001.8657
28.086325,-0.785939,interior,5009.9541
-28.086155,0.785474,interior,4613.3794
-27.378206,-3.007538,interior,4895.5068
27.376776,3.007073,interior,5004.6406
-23.960779,3.192523,interior,5001.6846
23.960712,-3.192326,interior,4997.1299
15.202754,-3.074119,interior,5025.3442
-15.202034,3.075835,interior,5004.7710
6.372644,-3.125461,interior,5983.0151
-7.055116,-0.895823,interior,5026.1851
2.858578,-2.984353,interior,8445.3066
-4.469063,2.645067,interior,5042.8052
-6.386711,0.982572,interior,5040.9375
-6.634209,2.524738,interior,5012.6294
27.366497,2.072681,interior,5006.3848
-27.367910,-2.073459,interior,4809.9614
22.852455,-2.558636,interior,5006.3760
-22.852472,2.558808,interior,4973.4258
6.071000,2.025974,interior,5812.7070
-27.404560,1.149207,interior,4759.3267
27.404514,-1.149254,interior,5020.4390
-27.341812,-1.231952,interior,4706.6182
27.341129,1.231064,interior,5015.4297
-11.015475,2.480629,interior,4975.2397
11.023004,-2.475210,interior,4997.7661
-11.012728,-2.464444,interior,4981.5957
11.012163,2.465536,interior,4978.3511
19.856941,2.450490,interior,5001.1455
-19.856928,-2.449848,interior,5012.4365
-19.869829,2.449624,interior,5017.3071
19.870056,-2.449095,interior,5013.5244
27.360477,0.411808,interior,5034.4761
-27.360525,-0.412537,interior,4688.7510
27.427427,-0.384415,interior,5039.4067
-27.427351,0.383947,interior,4704.9355
5.611819,-2.569746,interior,6044.7192
-14.443250,2.470928,interior,4990.2524
14.444159,-2.469692,interior,5007.0288
14.434457,2.465194,interior,5003.2959
-14.434263,-2.465392,interior,4996.2139
-12.766756,-2.491550,interior,4966.5283
12.781001,-2.497552,interior,4955.8579
12.766854,2.491663,interior,4942.4116
-12.778876,2.501131,interior,4953.8647
23.276764,2.474890,interior,5018.5029
-23.277306,-2.474145,interior,5011.4785
22.482359,2.485501,interior,5003.6509
-22.482662,-2.484703,interior,5013.1895
19.098455,2.392324,interior,5005.6851
-19.098446,-2.391726,interior,5024.8740
-19.102932,2.392757,interior,5020.5752
19.103300,-2.391716,interior,5013.1699
-10.245268,2.431311,interior,4983.3032
-21.604271,-2.488392,interior,4998.6797
10.257261,-2.422308,interior,5046.0479
21.604132,2.489142,interior,4986.1196
-7.548322,2.475770,interior,5000.4062
-10.250354,-2.407505,interior,4983.9092
10.248166,2.414229,interior,5014.8394
7.524958,2.416322,interior,5407.2920
-7.531640,-2.399009,interior,5012.3076
7.368550,-2.452029,interior,5414.9365
-13.656796,2.488137,interior,4983.9341
13.645600,2.480601,interior,4977.2446
13.658008,-2.485781,interior,4981.6592
-13.645401,-2.480520,interior,4989.1528
4.940014,-2.673393,interior,6190.0352
16.202421,2.396599,interior,4982.6372
-16.202351,-2.396670,interior,5004.3120
16.204948,-2.401047,interior,4992.5498
-16.204226,2.402484,interior,5002.1479
25.089525,2.449682,interior,4985.3350
-25.090422,-2.449436,interior,5006.9668
24.989563,-2.511392,interior,4952.7339
-24.989708,2.511683,interior,4967.8140
26.345558,2.505993,interior,4986.1914
-26.346558,-2.506202,interior,4945.0889
-26.281382,2.472557,interior,4987.6221
26.281260,-2.472283,interior,4996.7837
-17.413763,2.381677,interior,4997.2988
17.413435,2.376999,interior,5006.2295
-17.413437,-2.376673,interior,5002.6582
17.414442,-2.379918,interior,5003.2881
-8.581829,2.444868,interior,5000.6509
8.572083,-2.416051,interior,5204.5664
-8.587038,-2.364658,interior,4990.6382
8.583428,2.404546,interior,5166.6577
20.764652,-2.483623,interior,5004.9375
-20.764524,2.483863,interior,5002.9468
-20.721117,-2.477417,interior,4995.1265
20.721087,2.478075,interior,4974.7979
11.880923,2.486589,interior,4931.8696
-11.881310,-2.486260,interior,4957.4814
11.893249,-2.495148,interior,4951.5693
-11.888905,2.499154,interior,4946.6099
-21.731241,2.515353,interior,5012.5103
21.731293,-2.515189,interior,5014.1387
4.978540,-0.888779,interior,2619.8523
-5.749762,2.524034,interior,5008.1514
5.523173,0.742615,interior,3945.4199
27.346323,-2.005419,interior,5001.1484
-27.346390,2.005550,interior,4838.2783
-6.107510,1.801848,interior,5028.3857
6.097112,1.183359,interior,5322.9238
-11.456401,-1.662832,interior,4887.8408
11.456917,1.663806,interior,4865.7568
6.733162,2.447954,interior,5800.5723
-5.784139,1.333789,interior,5021.0122
20.301159,1.651852,interior,4974.9355
-20.301144,-1.651243,interior,4995.7495
18.436888,-1.774128,interior,5016.8545
-18.436554,1.775007,interior,5015.4629
-18.436157,-1.773309,interior,5019.3223
18.436144,1.773739,interior,5006.6392
15.133974,-1.831548,interior,4992.4023
-15.129286,-1.821463,interior,4991.6304
-24.001127,-1.850564,interior,5001.2881
25.540449,-1.615699,interior,5010.4609
15.129526,1.820752,interior,5000.1621
24.000551,1.851144,interior,5003.9141
-15.133168,1.831541,interior,4982.5132
-25.540621,1.615980,interior,5003.3735
9.582597,1.800135,interior,5052.3281
-9.582640,-1.784057,interior,4964.7681
9.587208,-1.804592,interior,5076.1875
-7.876959,-1.448599,interior,4999.6533
-9.563159,1.826165,interior,4978.7212
6.283859,-1.920713,interior,5119.9565
13.211029,1.663808,interior,4890.4844
-13.210971,-1.663397,interior,4903.9492
-7.910632,1.676233,interior,5011.2085
6.125329,0.380136,interior,4316.0088
5.755959,-0.997896,interior,3704.4937
-26.399538,-0.841389,interior,4871.6729
26.399071,0.841213,interior,5038.9946
-22.200228,1.670187,interior,5014.1294
22.200214,-1.669973,interior,5015.0889
-7.798762,-0.473848,interior,5008.3076
13.223700,-1.674510,interior,4899.7793
-13.221828,1.677027,interior,4900.8989
-22.051903,-1.664667,interior,5000.1875
22.051729,1.665459,interior,4985.9980
20.326218,-1.652330,interior,4990.2202
-20.326086,1.652537,interior,5002.0752
11.469426,-1.676162,interior,4877.9336
-11.461119,1.679519,interior,4884.1880
-26.766405,0.742166,interior,4817.9243
26.766302,-0.742198,interior,5041.3535
-7.386812,0.941517,interior,5003.9497
-5.146763,2.536169,interior,5015.4287
7.928634,1.590470,interior,5353.9365
7.943711,-1.584864,interior,5286.4619
25.777590,1.634086,interior,5013.2017
-25.778328,-1.634005,interior,4981.0503
16.790482,1.534744,interior,5014.9326
-16.790470,-1.535108,interior,5014.1621
-16.791290,1.544517,interior,5011.3916
16.791708,-1.544317,interior,5017.7578
23.894108,-2.060949,interior,5002.0547
-23.894222,2.061209,interior,4977.5059
25.861479,-0.677685,interior,5015.4912
-25.861670,0.677859,interior,4955.7568
-21.630266,-0.829602,interior,4996.7656
21.630198,0.830240,interior,4974.9199
13.666327,-0.850708,interior,4871.9116
-13.665128,0.851781,interior,4873.4629
6.156696,-0.333093,interior,3820.2258
22.662609,-0.830000,interior,5005.2319
-12.776858,-0.828675,interior,4818.8081
-22.662699,0.830353,interior,4993.3389
12.777382,0.829562,interior,4791.9766
-20.773954,0.830756,interior,4998.7007
20.774012,-0.830552,interior,4978.8037
-20.750505,-0.828315,interior,4990.1426
20.750513,0.828828,interior,4966.8730
-18.075645,0.808802,interior,5014.5459
18.075775,-0.808606,interior,5009.1377
11.902496,0.831212,interior,4770.2104
-18.076614,-0.805459,interior,5017.6157
-11.900338,-0.830613,interior,4809.5234
18.076590,0.805543,interior,5003.2549
11.910950,-0.846128,interior,4774.0005
-24.393682,-0.857840,interior,5009.5693
24.393307,0.858355,interior,5029.2168
-7.807321,0.282459,interior,4973.0112
-15.479762,-0.813448,interior,4990.1992
15.481125,-0.830615,interior,4997.7754
15.480090,0.811969,interior,4995.6382
-15.480522,0.829214,interior,4981.2095
-11.905073,0.847853,interior,4807.7012
7.450802,0.798000,interior,5374.8496
9.213195,0.827451,interior,5055.8862
24.948486,-0.974367,interior,5020.8159
7.477459,-0.812215,interior,5171.8335
-24.948683,0.974662,interior,5011.7983
9.217369,-0.825835,interior,5054.7485
-25.349384,-0.824480,interior,4993.1436
25.348936,0.824743,interior,5035.7583
-9.195684,-0.825300,interior,4952.0098
6.620692,-0.937357,interior,4747.3564
-23.877863,0.874538,interior,5006.3760
23.877701,-0.874179,interior,5027.7217
-9.148705,0.857694,interior,4946.2183
16.355160,0.758464,interior,5028.2432
-16.355034,-0.759555,interior,5018.4839
16.355984,-0.773724,interior,5030.3481
-16.355650,0.772768,interior,5014.9883
-17.209713,0.766042,interior,5028.2422
17.209679,0.756758,interior,5022.1182
-17.209660,-0.757209,interior,5030.6685
17.209913,-0.766276,interior,5025.2324
8.345659,-0.785165,interior,5120.8750
8.336883,0.786254,interior,5176.3062
-11.011695,0.854315,interior,4856.6240
-10.082897,0.876083,interior,4901.7603
-11.012832,-0.836794,interior,4848.7622
11.025636,-0.850670,interior,4833.8047
11.019790,0.838500,interior,4828.1460
-10.094815,-0.851874,interior,4880.1255
10.111440,0.857419,interior,4935.2075
-8.263074,0.882475,interior,5000.3779
19.872164,0.832896,interior,4973.8818
-19.872131,-0.832473,interior,4991.5415
19.879986,-0.831423,interior,4984.9546
-19.879881,0.831653,interior,4993.7139
13.660618,0.835523,interior,4868.6938
-13.660144,-0.835381,interior,4868.9575
-21.696802,0.833688,interior,5005.1318
21.696789,-0.833386,interior,5002.3472
-12.783631,0.846497,interior,4817.0269
12.786257,-0.844440,interior,4796.3511
-8.449884,-0.843848,interior,4980.9668
22.538996,0.850095,interior,5000.5723
-22.539175,-0.849423,interior,5003.2446
6.701669,0.792124,interior,5309.3975
-9.617927,0.008873,interior,4901.4277
9.673908,-0.002510,interior,4957.8394
-11.455883,0.008920,interior,4797.7891
11.464364,-0.006930,interior,4755.4541
-13.222463,0.008990,interior,4815.7886
13.223795,-0.008091,interior,4800.3804
16.780823,-0.006539,interior,5026.2881
-16.780657,0.005686,interior,5022.1821
22.133553,0.006244,interior,5000.0601
-22.133638,-0.005760,interior,5003.6304
-20.319361,0.000449,interior,4988.0664
20.319405,-0.000118,interior,4969.8306
10.112881,-0.864018,interior,4950.2920
-14.578858,0.871442,interior,4929.8184
14.579720,-0.871807,interior,4940.9243
7.886668,-0.004014,interior,5267.7910
18.969069,0.846463,interior,4984.3257
-18.969053,-0.846159,interior,4995.7920
-25.812967,-0.170212,interior,4973.2690
25.812656,0.170310,interior,5043.1084
-18.534033,0.000949,interior,5007.4502
18.534082,-0.000832,interior,4992.8223
-15.015269,0.008620,interior,4950.4546
15.015842,-0.009792,interior,4959.7446
-23.925901,-0.162855,interior,5018.4136
23.925659,0.163346,interior,5024.2256
14.580709,0.855803,interior,4941.8735
23.477919,0.907041,interior,5012.6621
-14.580257,-0.856451,interior,4940.1187
-23.478226,-0.906433,interior,5019.7764
18.967148,-0.845906,interior,4991.4170
-18.967003,0.846233,interior,5002.9375
